Khayen Remix,Ziad Bourji,Khayen Remix,Oriental,Libanais,Male,\\10.1.0.62\ops-production\Delivery Contents for Operators\ALGERIA-NEDJMA-RBT\ALGERIA-NEDJMA_RBT_122\122\WAV_8000H_8_Mono_10\Ziad Bourji_Khayen - Remix.wav,\\10.1.0.62\ops-production\Delivery Contents for Operators\ALGERIA-NEDJMA-RBT\ALGERIA-NEDJMA_RBT_122\122\WAV_8000H_8_Mono_35_33\Ziad Bourji_Khayen - Remix.wav
Dhed Al Nesyaan,Saad Ramadan,Best Of Saad,Oriental,Libanais,Male,\\10.1.0.62\ops-production\Delivery Contents for Operators\ALGERIA-NEDJMA-RBT\ALGERIA-NEDJMA_RBT_122\122\WAV_8000H_8_Mono_10\Saad Ramadan_Dhed Al Nesyaan.wav,\\10.1.0.62\ops-production\Delivery Contents for Operators\ALGERIA-NEDJMA-RBT\ALGERIA-NEDJMA_RBT_122\122\WAV_8000H_8_Mono_35_33\Saad Ramadan_Dhed Al Nesyaan.wav
Louh Lcoco,Cravata,Louh Lcoco,Algérienne,Variété,Male,\\10.1.0.62\ops-production\Delivery Contents for Operators\ALGERIA-NEDJMA-RBT\ALGERIA-NEDJMA_RBT_122\122\WAV_8000H_8_Mono_10\Cravata_Louh Lcoco.wav,\\10.1.0.62\ops-production\Delivery Contents for Operators\ALGERIA-NEDJMA-RBT\ALGERIA-NEDJMA_RBT_122\122\WAV_8000H_8_Mono_35_33\Cravata_Louh Lcoco.wav
Lagl Elnaby,El Sheikh Ahmed Tamim,Lagl Elnaby,Islamique,Anachid,Male,\\10.1.0.62\ops-production\Delivery Contents for Operators\ALGERIA-NEDJMA-RBT\ALGERIA-NEDJMA_RBT_122\122\WAV_8000H_8_Mono_10\El Sheikh Ahmed Tamim_Lagl Elnaby.wav,\\10.1.0.62\ops-production\Delivery Contents for Operators\ALGERIA-NEDJMA-RBT\ALGERIA-NEDJMA_RBT_122\122\WAV_8000H_8_Mono_35_33\El Sheikh Ahmed Tamim_Lagl Elnaby.wav
Sobhanak,Al Nqshabndi,New Ebtihalat,Islamique,Anachid,Male,\\10.1.0.62\ops-production\Delivery Contents for Operators\ALGERIA-NEDJMA-RBT\ALGERIA-NEDJMA_RBT_122\122\WAV_8000H_8_Mono_10\Al Nqshabndi_Sobhanak.wav,\\10.1.0.62\ops-production\Delivery Contents for Operators\ALGERIA-NEDJMA-RBT\ALGERIA-NEDJMA_RBT_122\122\WAV_8000H_8_Mono_35_33\Al Nqshabndi_Sobhanak.wav
Ya Akram El Ekramin,Mohamed Jebril,Doaa,Islamique,Douaa,Male,\\10.1.0.62\ops-production\Delivery Contents for Operators\ALGERIA-NEDJMA-RBT\ALGERIA-NEDJMA_RBT_122\122\WAV_8000H_8_Mono_10\Mohamed Jebril_Ya Akram El Ekramin.wav,\\10.1.0.62\ops-production\Delivery Contents for Operators\ALGERIA-NEDJMA-RBT\ALGERIA-NEDJMA_RBT_122\122\WAV_8000H_8_Mono_35_33\Mohamed Jebril_Ya Akram El Ekramin.wav
Allhom Ya Haseeb,Elsharawi,New Doaa,Islamique,Douaa,Male,\\10.1.0.62\ops-production\Delivery Contents for Operators\ALGERIA-NEDJMA-RBT\ALGERIA-NEDJMA_RBT_122\122\WAV_8000H_8_Mono_10\Elsharawi_Allhom Ya Haseeb.wav,\\10.1.0.62\ops-production\Delivery Contents for Operators\ALGERIA-NEDJMA-RBT\ALGERIA-NEDJMA_RBT_122\122\WAV_8000H_8_Mono_35_33\Elsharawi_Allhom Ya Haseeb.wav
Allahom Ena Nasaolak Hosn Elzn Bk,Saad Al Ghamidi,Allahom Ena Nasaolak Hosn Elzn Bk,Islamique,Douaa,Male,\\10.1.0.62\ops-production\Delivery Contents for Operators\ALGERIA-NEDJMA-RBT\ALGERIA-NEDJMA_RBT_123\123\WAV_8000H_8_Mono_10\Saad Al Ghamidi_Allahom Ena Nasaolak Hosn Elzn Bk.wav,\\10.1.0.62\ops-production\Delivery Contents for Operators\ALGERIA-NEDJMA-RBT\ALGERIA-NEDJMA_RBT_123\123\WAV_8000H_8_Mono_35_33\Saad Al Ghamidi_Allahom Ena Nasaolak Hosn Elzn Bk.wav
Allahomma Ya Rab Al Arbab Waya Mosabeb Al Asbab,Al Sheikh Nasser Al Qatami,Allahomma Ya Rab Al Arbab Waya Mosabeb Al Asbab,Islamique,Douaa,Male,\\10.1.0.62\ops-production\Delivery Contents for Operators\ALGERIA-NEDJMA-RBT\ALGERIA-NEDJMA_RBT_123\123\WAV_8000H_8_Mono_10\Al Sheikh Nasser Al Qatami_Allahomma Ya Rab Al Arbab Waya Mosabeb Al Asbab.wav,\\10.1.0.62\ops-production\Delivery Contents for Operators\ALGERIA-NEDJMA-RBT\ALGERIA-NEDJMA_RBT_123\123\WAV_8000H_8_Mono_35_33\Al Sheikh Nasser Al Qatami_Allahomma Ya Rab Al Arbab Waya Mosabeb Al Asbab.wav
Yamur Alaam,Al Wasmi,Jesr Al Sadaqa,Islamique,Anachid,Male,\\10.1.0.62\ops-production\Delivery Contents for Operators\ALGERIA-NEDJMA-RBT\ALGERIA-NEDJMA_RBT_123\123\WAV_8000H_8_Mono_10\Al Wasmi_Yamur Alaam.wav,\\10.1.0.62\ops-production\Delivery Contents for Operators\ALGERIA-NEDJMA-RBT\ALGERIA-NEDJMA_RBT_123\123\WAV_8000H_8_Mono_35_33\Al Wasmi_Yamur Alaam.wav
Allahom Ena Nasalk Faal El Khayrat Watrk El Monkrat,Sheikh Abu Bakr Ash Shatri,NA,Islamique,Douaa,Male,\\10.1.0.62\ops-production\Delivery Contents for Operators\ALGERIA-NEDJMA-RBT\ALGERIA-NEDJMA_RBT_123\123\WAV_8000H_8_Mono_10\Sheikh Abu Bakr Ash Shatri_Allahom Ena Nasalk Faal El Khayrat Watrk El Monkrat.wav,\\10.1.0.62\ops-production\Delivery Contents for Operators\ALGERIA-NEDJMA-RBT\ALGERIA-NEDJMA_RBT_123\123\WAV_8000H_8_Mono_35_33\Sheikh Abu Bakr Ash Shatri_Allahom Ena Nasalk Faal El Khayrat Watrk El Monkrat.wav
Allahumma Naouzo Bk Mn Zawal Neamatak,Al Sheikh Yasser Al dosari,Allahumma Naouzo Bk Mn Zawal Neamatak,Islamique,Douaa,Male,\\10.1.0.62\ops-production\Delivery Contents for Operators\ALGERIA-NEDJMA-RBT\ALGERIA-NEDJMA_RBT_123\123\WAV_8000H_8_Mono_10\Al Sheikh Yasser Al-Dosari_Allahumma Naouzo Bk Mn Zawal Neamatak.wav,\\10.1.0.62\ops-production\Delivery Contents for Operators\ALGERIA-NEDJMA-RBT\ALGERIA-NEDJMA_RBT_123\123\WAV_8000H_8_Mono_35_33\Al Sheikh Yasser Al-Dosari_Allahumma Naouzo Bk Mn Zawal Neamatak.wav
Leh Dayeq Moatherat,Othman Alibrahim,Hayati Moatherat,Islamique,Anachid,Male,\\10.1.0.62\ops-production\Delivery Contents for Operators\ALGERIA-NEDJMA-RBT\ALGERIA-NEDJMA_RBT_123\123\WAV_8000H_8_Mono_10\Othman Alibrahim_Leh Dayeq ( Moatherat ).wav,\\10.1.0.62\ops-production\Delivery Contents for Operators\ALGERIA-NEDJMA-RBT\ALGERIA-NEDJMA_RBT_123\123\WAV_8000H_8_Mono_35_33\Othman Alibrahim_Leh Dayeq ( Moatherat ).wav
Besslama,Adil Assil,Besslama,Algérienne,Variété,Male,\\10.1.0.62\ops-production\Delivery Contents for Operators\ALGERIA-NEDJMA-RBT\ALGERIA-NEDJMA_RBT_123\123\WAV_8000H_8_Mono_10\Adil Assil_Besslama.wav,\\10.1.0.62\ops-production\Delivery Contents for Operators\ALGERIA-NEDJMA-RBT\ALGERIA-NEDJMA_RBT_123\123\WAV_8000H_8_Mono_35_33\Adil Assil_Besslama.wav
Taibo demo,Rabih Baroud,NA,Oriental,Libanais,Male,\\10.1.0.62\ops-production\Delivery Contents for Operators\ALGERIA-NEDJMA-RBT\ALGERIA-NEDJMA_RBT_123\123\WAV_8000H_8_Mono_10\Rabih Baroud_Taibo (Demo).wav,\\10.1.0.62\ops-production\Delivery Contents for Operators\ALGERIA-NEDJMA-RBT\ALGERIA-NEDJMA_RBT_123\123\WAV_8000H_8_Mono_35_33\Rabih Baroud_Taibo (Demo).wav
Ah Men Kalamk,Reem Nasri,Ah Men Kalamk,Oriental,Libanais,Female,\\10.1.0.62\ops-production\Delivery Contents for Operators\ALGERIA-NEDJMA-RBT\ALGERIA-NEDJMA_RBT_123\123\WAV_8000H_8_Mono_10\Reem Nasri_Ah Men Kalamk.wav,\\10.1.0.62\ops-production\Delivery Contents for Operators\ALGERIA-NEDJMA-RBT\ALGERIA-NEDJMA_RBT_123\123\WAV_8000H_8_Mono_35_33\Reem Nasri_Ah Men Kalamk.wav
Oumi Arossili,Assi Al Helani,Oumi Arossili,Oriental,Libanais,Male,\\10.1.0.62\ops-production\Delivery Contents for Operators\ALGERIA-NEDJMA-RBT\ALGERIA-NEDJMA_RBT_123\123\WAV_8000H_8_Mono_10\Assi Al Helani_Oumi Arossili.wav,\\10.1.0.62\ops-production\Delivery Contents for Operators\ALGERIA-NEDJMA-RBT\ALGERIA-NEDJMA_RBT_123\123\WAV_8000H_8_Mono_35_33\Assi Al Helani_Oumi Arossili.wav
Shakait Al Hob,Majed Adel,Aghani Ala Al Oud,Oriental,Khalidji,Male,\\10.1.0.62\ops-production\Delivery Contents for Operators\ALGERIA-NEDJMA-RBT\ALGERIA-NEDJMA_RBT_123\123\WAV_8000H_8_Mono_10\Majed Adel_Shakait Al Hob.wav,\\10.1.0.62\ops-production\Delivery Contents for Operators\ALGERIA-NEDJMA-RBT\ALGERIA-NEDJMA_RBT_123\123\WAV_8000H_8_Mono_35_33\Majed Adel_Shakait Al Hob.wav
Oh Santa,Mariah Carey,Merry Christmas II You,Occidental,POP/Rock,Female,\\10.1.0.62\ops-production\Delivery Contents for Operators\ALGERIA-NEDJMA-RBT\ALGERIA-NEDJMA_RBT_123\123\WAV_8000H_8_Mono_10\Mariah Carey_Oh Santa.wav,\\10.1.0.62\ops-production\Delivery Contents for Operators\ALGERIA-NEDJMA-RBT\ALGERIA-NEDJMA_RBT_123\123\WAV_8000H_8_Mono_35_33\Mariah Carey_Oh Santa.wav
White Christmas,Bing Crosby,White Christmas,Occidental,POP/Rock,Male,\\10.1.0.62\ops-production\Delivery Contents for Operators\ALGERIA-NEDJMA-RBT\ALGERIA-NEDJMA_RBT_123\123\WAV_8000H_8_Mono_10\Bing Crosby_White Christmas.wav,\\10.1.0.62\ops-production\Delivery Contents for Operators\ALGERIA-NEDJMA-RBT\ALGERIA-NEDJMA_RBT_123\123\WAV_8000H_8_Mono_35_33\Bing Crosby_White Christmas.wav
Jingle Bell Rock,Michael Bolton,Jingle Bell Rock,Occidental,POP/Rock,Male,\\10.1.0.62\ops-production\Delivery Contents for Operators\ALGERIA-NEDJMA-RBT\ALGERIA-NEDJMA_RBT_123\123\WAV_8000H_8_Mono_10\Michael Bolton_Jingle Bell Rock.wav,\\10.1.0.62\ops-production\Delivery Contents for Operators\ALGERIA-NEDJMA-RBT\ALGERIA-NEDJMA_RBT_123\123\WAV_8000H_8_Mono_35_33\Michael Bolton_Jingle Bell Rock.wav
Last Christmas,Taylor Swift,Last Christmas,Occidental,POP/Rock,Female,\\10.1.0.62\ops-production\Delivery Contents for Operators\ALGERIA-NEDJMA-RBT\ALGERIA-NEDJMA_RBT_123\123\WAV_8000H_8_Mono_10\Taylor Swift_Last Christmas.wav,\\10.1.0.62\ops-production\Delivery Contents for Operators\ALGERIA-NEDJMA-RBT\ALGERIA-NEDJMA_RBT_123\123\WAV_8000H_8_Mono_35_33\Taylor Swift_Last Christmas.wav
Have Yourself A Merry Little Christmas,Vanessa Williams,Pop Into Christmas e,Occidental,POP/Rock,Female,\\10.1.0.62\ops-production\Delivery Contents for Operators\ALGERIA-NEDJMA-RBT\ALGERIA-NEDJMA_RBT_123\123\WAV_8000H_8_Mono_10\Vanessa Williams_Have Yourself A Merry Little Christmas.wav,\\10.1.0.62\ops-production\Delivery Contents for Operators\ALGERIA-NEDJMA-RBT\ALGERIA-NEDJMA_RBT_123\123\WAV_8000H_8_Mono_35_33\Vanessa Williams_Have Yourself A Merry Little Christmas.wav
I Saw Mommy Kissing Santa Claus,Jackson 5,I Saw Mommy Kissing Santa Claus,Occidental,POP/Rock,Group,\\10.1.0.62\ops-production\Delivery Contents for Operators\ALGERIA-NEDJMA-RBT\ALGERIA-NEDJMA_RBT_123\123\WAV_8000H_8_Mono_10\Jackson 5_I Saw Mommy Kissing Santa Claus.wav,\\10.1.0.62\ops-production\Delivery Contents for Operators\ALGERIA-NEDJMA-RBT\ALGERIA-NEDJMA_RBT_123\123\WAV_8000H_8_Mono_35_33\Jackson 5_I Saw Mommy Kissing Santa Claus.wav
Williams Star Wars Princess Leia,The Boston Pops Orchestra,Star Wars The Best Of Space Music,Occidental,Cinéma & TV,Group,\\10.1.0.62\ops-production\Delivery Contents for Operators\ALGERIA-NEDJMA-RBT\ALGERIA-NEDJMA_RBT_125\125\WAV_8000H_8_Mono_10\The Boston Pops Orchestra_Williams Star Wars - Princess Leia.wav,\\10.1.0.62\ops-production\Delivery Contents for Operators\ALGERIA-NEDJMA-RBT\ALGERIA-NEDJMA_RBT_125\125\WAV_8000H_8_Mono_35_33\The Boston Pops Orchestra_Williams Star Wars - Princess Leia.wav
Williams Star Wars Main Title,The Boston Pops Orchestra,Star Wars The Best Of Space Music,Occidental,Cinéma & TV,Group,\\10.1.0.62\ops-production\Delivery Contents for Operators\ALGERIA-NEDJMA-RBT\ALGERIA-NEDJMA_RBT_125\125\WAV_8000H_8_Mono_10\The Boston Pops Orchestra_Williams Star Wars - Main Title.wav,\\10.1.0.62\ops-production\Delivery Contents for Operators\ALGERIA-NEDJMA-RBT\ALGERIA-NEDJMA_RBT_125\125\WAV_8000H_8_Mono_35_33\The Boston Pops Orchestra_Williams Star Wars - Main Title.wav
Williams The Empire Strikes Back The Imperial March,The Boston Pops Orchestra,Star Wars The Best Of Space Music,Occidental,Cinéma & TV,Group,\\10.1.0.62\ops-production\Delivery Contents for Operators\ALGERIA-NEDJMA-RBT\ALGERIA-NEDJMA_RBT_125\125\WAV_8000H_8_Mono_10\The Boston Pops Orchestra_Williams The Empire Strikes Back - The Imperial March.wav,\\10.1.0.62\ops-production\Delivery Contents for Operators\ALGERIA-NEDJMA-RBT\ALGERIA-NEDJMA_RBT_125\125\WAV_8000H_8_Mono_35_33\The Boston Pops Orchestra_Williams The Empire Strikes Back - The Imperial March.wav
